{"layer_item":"            <li id='{%=o.data[o.idx].id%}' class='layerList1' role='option' aria-selected='false' aria-grabbed='false'>                {%                      var s = o.data[o.idx].layerConfig.symbology || o.data[o.idx].layerConfig.legend || { type: 'simple' };                    include('filter_row_template', o);                    include(s.type + '_renderer_template', s);                    include('layer_settings', o.fn.generateSettingsToggle(o));                %}            </li>        ","filter_row_template":"            <fieldset><legend><div class='filter-row'><div class='sort-handle' tabindex='0' aria-label='{%=i18n.t('filterManager.layerHandleLabel', { layerName: o.data[o.idx].layerConfig.displayName })%}'></div><div class='layer-details'>                                                    {%                                      var s = o.data[o.idx].layerConfig.symbology || o.data[o.idx].layerConfig.legend || { type: 'simple' };                                    console.log(s);                                    include(s.type + '_layer_image_box', o);                                %}                                                                   <div class='layer-controls'><div class='layer-name'><span title='{%=o.data[o.idx].layerConfig.displayName%}'>{%=o.data[o.idx].layerConfig.displayName%}</span></div><div class='btn-group margin-top-none'>                                                                                {% if(!o.data[o.idx].layerConfig.isStatic) { %}                                                                                    <button class='btn btn-xs button-none xsmall metadata-button' data-layer-id='{%=o.data[o.idx].layerConfig.id%}'>{%=i18n.t('filterManager.metadata')%}</button>                                                                                   {% } %}                                                                                    {% if (o.data[o.idx].layerConfig.settings.panelEnabled && !o.data[o.idx].layerConfig.isStatic) { %}                                                                                        <span class='separator' role='presentation'></span>                                                                                {% } %}                                                                                {% if (o.data[o.idx].layerConfig.settings.panelEnabled) { %}                                                                                    <button class='btn btn-xs button-none xsmall settings-button' data-layer-id='{%=o.data[o.idx].layerConfig.id%}'>{%=i18n.t('filterManager.settings')%}</button>                                                                                  {% } %}                                    </div></div></div><div class='layer-checkboxes'>                                {% include('filter_legend_template', o.fn.generateVisibilityLegend(o));%}                                {% include('filter_legend_template', o.fn.generateBoundingBoxLegend(o));%}                            </div><div class='clearfix'></div></div></legend></fieldset>        ","simple_layer_image_box":"            <div class='layer-image-box'><img alt='' role='presentation' src='{%=o.fn.getSymbolForLayer(o.data[o.idx].layerConfig)[0]%}' class='layer-image bg-white'></div>        ","wms_layer_image_box":"            {% include('complex_layer_image_box', o.fn.getSymbolForLayer(o.data[o.idx].layerConfig)); %}        ","uniqueValue_layer_image_box":"            {% include('complex_layer_image_box', o.fn.getSymbolForLayer(o.data[o.idx].layerConfig)); %}        ","classBreaks_layer_image_box":"            {% include('complex_layer_image_box', o.fn.getSymbolForLayer(o.data[o.idx].layerConfig)); %}        ","complex_layer_image_box":"            <div class='layer-complex-image-box'><div class='layer-image-box'><img alt='' role='presentation' src='{%=o[2]%}' class='layer-image bg-white'></div><div class='layer-image-box'><img alt='' role='presentation' src='{%=o[1]%}' class='layer-image bg-white'></div><div class='layer-image-box'><img alt='' role='presentation' src='{%=o[0]%}' class='layer-image bg-white'></div><button class='btn btn-xs button-none renderer-button'><i class='fa fa-square'></i><i class='fa fa-plus-square-o'></i><i class='fa fa-minus-square-o'></i><span class='wb-invisible'></span></button></div>        ","wms_renderer_template":"             <div class='renderer-list'><div class='wms-legend-image-box'><h4 class='mrgn-tp-0 h6'>{%=i18n.t('filterManager.legend')%}</h4><div class='image-div'><img class='wms-legend-image bg-white' src='{%=o.imageUrl%}' role='presentation' alt=''></div></div></div>        ","simple_renderer_template":" ","uniqueValue_renderer_template":"            <div class='renderer-list'><ul>                    {%                         o.valueMaps.forEach(function(vm) {                            include('renderer_template', {                                imageUrl: vm.imageUrl,                                label: vm.label || vm.value                            });                        });                     %}                </ul></div>        ","classBreaks_renderer_template":"            <div class='renderer-list'><ul>                    {%                         o.rangeMaps.forEach(function(rm) {                            include('renderer_template', {                                imageUrl: rm.imageUrl,                                label: rm.label || rm.maxValue                            });                        });                     %}                </ul></div>        ","renderer_template":"            <li><div class='layer-renderer'><div class='layer-renderer-image-box'><img alt='' src='{%=o.imageUrl%}' class='layer-renderer-image bg-white'></div><span title='{%=o.label%}'>{%=o.label%}</span></div></li>        ","layer_settings":"            {% if (o.settings.panelEnabled) { %}                <div class='filter-row-settings bg-medium'><h4 class='mrgn-tp-0 mrgn-bttm-0 smaller'>{%=i18n.t('filterManager.settingsLayerSettings')%}</h4>                    {% if (o.settings.opacity.enabled) { %}                                        <div class='transparency-setting'><span class='pull-left'>{%=i18n.t('filterManager.settingsOpacity')%}</span><div class='nstSlider' data-aria_enabled='true'                                data-range_min='0' data-range_max='1'                                 data-cur_min='{%=o.settings.opacity.default%}'                                data-layer-id='{%=o.layerId%}' ><div class='highlightPanel'></div><div class='leftGrip'></div></div><span class='leftLabel'></span></div>                    {% } %}                </div>            {% } %}        ","filter_legend_template":"            {% if(!o.disabled) { %}                                                        <div class='checkbox-custom'><label for='{%=o.for%}' class='form-checkbox _tooltip {%=o.class%}' data-layer-id='{%=o.layerId%}' data-label-name='{%=o.label%}'><span class='wb-invisible'>{%=o.label%}</span></label><input id='{%=o.for%}' data-groupingattrib='{%=o.attr%}' value='{%=o.layerId%}' data-layer-id='{%=o.layerId%}' checked='{%=o.checked%}' class='layerList_legend'                    type='checkbox'></input></div>            {% } else{ %}                                <div class='checkbox-custom placeholder' role='presentation'></div>            {% } %}        ","filter_button_template":"            <li><button class='btn btn-xs button-none xsmall metadata-button' data-layer-id='{%=o.data[o.idx].layerConfig.id%}'>{%=i18n.t('filterManager.metadata')%}</button></li>        ","filter_global_row_template":"            <div><div class='global-details'><div class='global-controls'><ul class='btn-group margin-top-none'>                            {%=i18n.t('filterManager.allData')%}                        </ul></div></div><div class='global-checkboxes'>                   {% include(o.globalSelectorToggles, o);%}                </div><div class='clearfix'></div></div>        ","layerGlobalToggles":"            {% include( 'filter_global_label_template_eye',o); %}            {% include( 'filter_global_label_template_box',o); %}        ","filter_global_label_template_eye":"            <div class='checkbox-custom'><label for='globalVisibility' class='form-checkbox _tooltip eye checked' title=''><span class='wb-invisible'></span></label><input id='globalVisibility' data-***='***' checked='checked' class='layerList_legend' type='checkbox' ></input></div>        ","filter_global_label_template_box":"            <div class='checkbox-custom'><label for='globalBox' class='form-checkbox _tooltip box checked' title=''><span class='wb-invisible'></span></label><input id='globalBox' data-***='***' checked='checked' class='layerList_legend' type='checkbox' ></input></div>        ","layer_group":"            <li><ul role='listbox'>                    {%                        var i=0;                        o.data.forEach(function(layer) {                            o.idx = i;                            include('layer_item',o);                            i++;                        });                    %}                </ul></li><li class='layer-group-separator' role='presentation'></li>        ","filter_manager_template":"            <div id='categories'><div id='filterGlobalToggles' class='global-toggles'>                    {% include('filter_global_row_template', o.config.templates);%}                </div><!-- layerList is the target for the Javascript version.  everything else uses the fieldsets--><ul id='layerList' role='listbox' aria-label='{%=i18n.t('filterManager.layerListLabel')%}'>                    {%                         for (var prop in o.layerGroups ) {                            if (o.layerGroups.hasOwnProperty(prop)) {                                include('layer_group', o.layerGroups[prop]);                            }                        }                    %}                </ul><div class='clearBoth'></div></div>        ","filter_manager_template2":"            <div id='categories'><div id='filterGlobalToggles' class='global-toggles'>                    {% include('filter_global_row_template', o.config.templates);%}                </div><!-- layerList is the target for the Javascript version.  everything else uses the fieldsets--><ul id='layerList' role='listbox' aria-label='{%= i18n.t('filterManager.layerListLabel') %}'></ul><div class='clearBoth'></div></div>        "}