{"default_grid_summary_row":"<div class='record-row'><div class='record-details'><div class='point-image-box'><img alt='' role='presentation' src='{%=o.fn.getGraphicIcon(o.data, o.lyr)%}' class='point-image bg-white'></div><div class='record-names'><span class='point-name' title='{%=o.fn.getFeatureName(o.data, o.lyr)%}'>{%#o.fn.autoHyperlink(o.fn.getFeatureName(o.data, o.lyr))%}</span><span class='category-name small' title='{%=o.lyr.displayName%}'>{%=o.lyr.displayName%}</span></div></div><div class='record-controls wb-invisible'><div class='btn-group margin-top-none'><button class='btn button-none btn-xs xsmall details' data-layer-id={%=o.lyr.id%} data-feature-oid={%=o.fn.getObjectId(o.data)%}>{%=i18n.t('datagrid.details')%}</button><span class='separator' role='presentation'></span><button class='btn button-none btn-xs xsmall zoomto' data-layer-id={%=o.lyr.id%} data-feature-oid={%=o.fn.getObjectId(o.data)%}>{%=i18n.t('datagrid.zoomTo')%}</button></div></div><div class='clearfix'></div></div>","default_grid_summary_row_nolink":"<div class='record-row'><div class='record-details'><div class='point-image-box'><img alt='' role='presentation' src='{%=o.fn.getGraphicIcon(o.data, o.lyr)%}' class='point-image bg-white'></div><div class='record-names'><span class='point-name' title='{%=o.fn.getFeatureName(o.data, o.lyr)%}'>{%=o.fn.getFeatureName(o.data, o.lyr)%}</span><span class='category-name small' title='{%=o.lyr.displayName%}'>{%=o.lyr.displayName%}</span></div></div><div class='record-controls wb-invisible'><div class='btn-group margin-top-none'><button class='btn button-none btn-xs xsmall details' data-layer-id={%=o.lyr.id%} data-feature-oid={%=o.fn.getObjectId(o.data)%}>{%=i18n.t('datagrid.details')%}</button><span class='separator' role='presentation'></span><button class='btn button-none btn-xs xsmall zoomto' data-layer-id={%=o.lyr.id%} data-feature-oid={%=o.fn.getObjectId(o.data)%}>{%=i18n.t('datagrid.zoomTo')%}</button></div></div><div class='clearfix'></div></div>","datagrid_manager_Template":"<div id='datagridGlobalToggles' class='global-toggles'>                                        {% include('datagrid_global_row_Template', o.buttons);%}                                    </div><div class='datagrid-info-notice details'></div>                                    {% include('datagrid_manager_table_Template', o); %}                                    <div class='clearfix'></div>","datagrid_info_notice":"        <button class='btn btn-xs button-none info-notice-button'><span>{%= i18n.t('datagrid.notices.offScaleSummary') %}</span><span class='separator'><i class='fa fa-angle-down'></i></span></button><div class='notice-details small'>            {%                o.layers.forEach(function(layer) {                    %}                              <p>{%= layer.displayName %}</p>                    {%                });            %}        </div>    ","datagrid_full_info_notice":"        <p>{%= i18n.t('datagrid.notices.offScaleFullData') %}</p>            ","datagrid_full_manager_Template":"<div id='datagridGlobalToggles' class='global-toggles bg-very-light'>                                            {% include('datagrid_full_global_row_Template', o.buttons);%}                                        </div>                                                                            {% include('datagrid_manager_table_Template', o); %}                                        <div class='clearfix'></div>","datagrid_manager_table_Template":"<table id='{%=o.tableId%}' class='{%=o.tableCss%}'></table>","datagrid_full_global_row_Template":"<div><div class='global-details'><div class='global-controls'><div class='col-md-3'><div class='input-group'><label class='wb-inv' for='datasetSelector'>{%=o.txtDataset%}:</label><select name='select' class='form-control input-sm' id='datasetSelector' data-role='none'>                                                                    {% for (var i = 0; i < o.datasets.length; i++) {  %}                                                                                                                                           <option value='{%=o.datasets[i].id%}'>{%=o.datasets[i].displayName%}</option>                                                                                                                                {% } %}                                                                </select><span class='input-group-btn'><button id='datasetSelectorSubmitButton' class='btn btn-info btn-sm' type='button'>Go!</button></span></div></div><div class='col-md-9 input-sm'><button class='btn button-none btn-sm full-data-toggle expand pull-right'><i class='fa fa-th-list'></i><span class='on-right'>{%=o.toggleTitle%}</span></button></div><div class='clearfix'></div></div></div></div>","datagrid_global_row_Template":"<div><div class='global-details'><div class='global-controls'><div class='col-md-6'>                                                    {% include('filter_button_Template', o); %}                                                </div><div class='col-md-6'><button class='btn button-none btn-sm full-data-toggle expand pull-right'><i class='fa fa-th'></i><span class='on-right'>{%=o.toggleTitle%}</span></button></div></div><div class='clearfix'></div></div></div>","filter_button_Template":"<button class='btn button-none btn-xs small button-sort {%=o.classAddition%}' {%=o.someAttribute%}>{%=o.buttonLabel%}</button>","datagrid_notice_update":"        <div class='tab-notice update _tooltip' title='{%= i18n.t('datagrid.notices.update') %}'><i class='fa fa-refresh fa-spin'></i></div>    "}