{"default_feature_details":"<div class='point-details-list'><ul class='zebra-list'>                                                                {% for (var prop in o.data.attributes ) {                                     if (o.data.attributes.hasOwnProperty(prop)) {                                         include('simpleListItem', {key: o.fn.getAttributeLabel(prop, o.lyr), value: o.data.attributes[prop], fn: o.fn});                                     }                                } %}                                                            </ul></div>","simpleListItem":"<li><div class='col-md-4 small pair-key'><p>{%=o.key%}</p></div><div class='col-md-8 pair-value'><p class='shorten-candidate'>{%#o.fn.autoHyperlink(o.value)%}</p></div><div class='clearfix'></div></li>","simpleLinkItem":"<li class='row'><a href='{%=o.url%}'>{%=o.text%}</a></li>","imageListItem":"<li class='row'><img src='{%=o.url%}' style='width: 100px; height: 100px; float:left; margin: 0 10px 0 0; '><span>{%=o.text%}</span></li>","default_feature_details_nolink":"<div class='point-details-list'><ul class='zebra-list'>                                                                {% for (var prop in o.data.attributes ) {                                     if (o.data.attributes.hasOwnProperty(prop)) {                                         include('simpleListItem_nolink', {key: prop, value: o.data.attributes[prop]});                                     }                                } %}                                                            </ul></div>","simpleListItem_nolink":"<li><div class='col-md-4 small pair-key'><p>{%=o.key%}</p></div><div class='col-md-8 pair-value'><p class='shorten-candidate'>{%=o.value%}</p></div><div class='clearfix'></div></li>"}