{"sample_rich_media_details":"<div class='point-details-list'><ul class='zebra-list' style='list-style: none; margin: 0;'>                                {% include('simpleListItem', {key: 'A template', value: 'with an image'}); %}                                {% include('imageListItem', {url: 'http://lorempixel.com/100/100/nature/' + o.NAME, text: 'A random image from the internet or a logo'}); %}                                {% include('simpleListItem', {key: 'Country', value: o.COUNTRY_C}); %}                                {% include('simpleListItem', {key: 'Kind', value: o.KIND}); %}                                {% include('simpleListItem', {key: 'Latitude', value: o.LAT_DD}); %}                                {% include('simpleListItem', {key: 'Longitude', value: o.LON_DD}); %}                                {% include('simpleLinkItem', {text: 'Raw data link', url: 'http://bhah/' + o.NAME}); %}                            </ul></div>","sample_dump_template":"<p>Just a Data dump template</p><p><span>{</span><br>                                    {% for (var prop in o ) {                                         if (o.hasOwnProperty(prop)) { %}                                           <span style='margin-left: 20px;'>'{%=prop%}' : '{%=o[prop]%}',</span><br>                                        {% }                                    } %}                                    <span>}</span><br></p>","default_feature_details":"<div class='point-details-list'><ul class='zebra-list'>                                                                {% for (var prop in o.data.attributes ) {                                     if (o.data.attributes.hasOwnProperty(prop)) {                                         include('simpleListItem', {key: prop, value: o.data.attributes[prop], fn: o.fn});                                     }                                } %}                                                            </ul></div>","simpleListItem":"<li><div class='col-md-4 small pair-key'><p>{%=o.key%}</p></div><div class='col-md-8 pair-value'><p class='shorten-candidate'>{%#o.fn.autoHyperlink(o.value)%}</p></div><div class='clearfix'></div></li>","simpleLinkItem":"<li class='row'><a href='{%=o.url%}'>{%=o.text%}</a></li>","imageListItem":"<li class='row'><img src='{%=o.url%}' style='width: 100px; height: 100px; float:left; margin: 0 10px 0 0; '><span>{%=o.text%}</span></li>","default_feature_details_nolink":"<div class='point-details-list'><ul class='zebra-list'>                                                                {% for (var prop in o.data.attributes ) {                                     if (o.data.attributes.hasOwnProperty(prop)) {                                         include('simpleListItem_nolink', {key: prop, value: o.data.attributes[prop]});                                     }                                } %}                                                            </ul></div>","simpleListItem_nolink":"<li><div class='col-md-4 small pair-key'><p>{%=o.key%}</p></div><div class='col-md-8 pair-value'><p class='shorten-candidate'>{%=o.value%}</p></div><div class='clearfix'></div></li>"}